<?xml version="1.0" encoding="UTF-8" standalone="yes"?>
<OfficeApp xmlns="http://schemas.microsoft.com/office/appforoffice/1.1" 
           xmlns:xsi="http://www.w3.org/2001/XMLSchema-instance" 
           xmlns:bt="http://schemas.microsoft.com/office/officeappbasictypes/1.0" 
           xmlns:ov="http://schemas.microsoft.com/office/taskpaneappversionoverrides" 
           xsi:type="TaskPaneApp">

  <!-- Begin Basic Settings: Add-in metadata, used for all versions of Office unless override provided. -->
  <Id>12345678-1234-1234-1234-123456789012</Id>
  <Version>1.0.0.0</Version>
  <ProviderName>Accruance</ProviderName>
  <DefaultLocale>en-US</DefaultLocale>
  <DisplayName DefaultValue="Accruance Excel Sync" />
  <Description DefaultValue="Two-way sync between Excel and Accruance with formula preservation" />
  <IconUrl DefaultValue="https://your-domain.com/assets/icon-32.png" />
  <HighResolutionIconUrl DefaultValue="https://your-domain.com/assets/icon-64.png" />
  <SupportUrl DefaultValue="https://your-domain.com/support" />
  
  <!-- End Basic Settings. -->

  <!-- Begin TaskPane Mode integration. This section is used if there are no VersionOverrides or if the Office client version does not support add-in commands. -->
  <Hosts>
    <Host Name="Workbook" />
  </Hosts>
  
  <DefaultSettings>
    <SourceLocation DefaultValue="https://your-domain.com/excel-addin/taskpane.html" />
  </DefaultSettings>
  
  <!-- End TaskPane Mode integration. -->

  <Permissions>ReadWriteDocument</Permissions>

  <!-- Begin Add-in Commands Mode integration. -->
  <VersionOverrides xmlns="http://schemas.microsoft.com/office/taskpaneappversionoverrides" xsi:type="VersionOverridesV1_0">

    <!-- The Hosts node is required. -->
    <Hosts>
      <!-- Each host can have a different set of commands. -->
      <!-- Excel host is Workbook, Word host is Document, and PowerPoint host is Presentation. -->
      <!-- Make sure the hosts you override match the hosts declared in the top level section. -->
      <Host xsi:type="Workbook">
        <!-- Form factor. Currently only DesktopFormFactor is supported. -->
        <DesktopFormFactor>
          <!-- Function file is a HTML page that includes the JavaScript where functions for ExecuteAction will be called. 
               Think of the FunctionFile as the code behind ExecuteFunction. -->
          <FunctionFile resid="Accruance.DesktopFunctionFile.Url" />

          <!-- PrimaryCommandSurface is the main Office Ribbon. -->
          <ExtensionPoint xsi:type="PrimaryCommandSurface">
            <!-- Use OfficeTab to extend an existing Tab. Use CustomTab to create a new tab. -->
            <CustomTab id="Accruance.Tab1">
              <Label resid="Accruance.Tab1.Label" />
              
              <!-- Group. It can contain up to 6 Controls. -->
              <Group id="Accruance.Tab1.Group1">
                <Label resid="Accruance.Tab1.GroupLabel" />
                <Icon>
                  <bt:Image size="16" resid="Accruance.tpicon_16x16" />
                  <bt:Image size="32" resid="Accruance.tpicon_32x32" />
                  <bt:Image size="80" resid="Accruance.tpicon_80x80" />
                </Icon>

                <!-- Control. It can be of type "Button" or "Menu". -->
                <Control xsi:type="Button" id="Accruance.TaskpaneButton">
                  <Label resid="Accruance.TaskpaneButton.Label" />
                  <Supertip>
                    <Title resid="Accruance.TaskpaneButton.Label" />
                    <Description resid="Accruance.TaskpaneButton.Tooltip" />
                  </Supertip>
                  <Icon>
                    <bt:Image size="16" resid="Accruance.tpicon_16x16" />
                    <bt:Image size="32" resid="Accruance.tpicon_32x32" />
                    <bt:Image size="80" resid="Accruance.tpicon_80x80" />
                  </Icon>

                  <!-- This is what happens when the command is triggered (E.g. click on the Ribbon). -->
                  <!-- Supported actions are ExecuteFunction or ShowTaskpane. -->
                  <Action xsi:type="ShowTaskpane">
                    <TaskpaneId>ButtonId1</TaskpaneId>
                    <!-- Provide a URL resource id for the location that will be displayed on the task pane. -->
                    <SourceLocation resid="Accruance.Taskpane.Url" />
                  </Action>
                </Control>

                <Control xsi:type="Button" id="Accruance.RefreshButton">
                  <Label resid="Accruance.RefreshButton.Label" />
                  <Supertip>
                    <Title resid="Accruance.RefreshButton.Label" />
                    <Description resid="Accruance.RefreshButton.Tooltip" />
                  </Supertip>
                  <Icon>
                    <bt:Image size="16" resid="Accruance.refresh_16x16" />
                    <bt:Image size="32" resid="Accruance.refresh_32x32" />
                    <bt:Image size="80" resid="Accruance.refresh_80x80" />
                  </Icon>
                  <Action xsi:type="ExecuteFunction">
                    <FunctionName>refreshData</FunctionName>
                  </Action>
                </Control>

                <Control xsi:type="Button" id="Accruance.PushButton">
                  <Label resid="Accruance.PushButton.Label" />
                  <Supertip>
                    <Title resid="Accruance.PushButton.Label" />
                    <Description resid="Accruance.PushButton.Tooltip" />
                  </Supertip>
                  <Icon>
                    <bt:Image size="16" resid="Accruance.push_16x16" />
                    <bt:Image size="32" resid="Accruance.push_32x32" />
                    <bt:Image size="80" resid="Accruance.push_80x80" />
                  </Icon>
                  <Action xsi:type="ExecuteFunction">
                    <FunctionName>pushAdjustments</FunctionName>
                  </Action>
                </Control>
              </Group>
            </CustomTab>
          </ExtensionPoint>
        </DesktopFormFactor>
      </Host>
    </Hosts>

    <!-- You can use resources across hosts and form factors. -->
    <Resources>
      <bt:Images>
        <bt:Image id="Accruance.tpicon_16x16" DefaultValue="https://your-domain.com/assets/icon-16.png" />
        <bt:Image id="Accruance.tpicon_32x32" DefaultValue="https://your-domain.com/assets/icon-32.png" />
        <bt:Image id="Accruance.tpicon_80x80" DefaultValue="https://your-domain.com/assets/icon-80.png" />
        <bt:Image id="Accruance.refresh_16x16" DefaultValue="https://your-domain.com/assets/refresh-16.png" />
        <bt:Image id="Accruance.refresh_32x32" DefaultValue="https://your-domain.com/assets/refresh-32.png" />
        <bt:Image id="Accruance.refresh_80x80" DefaultValue="https://your-domain.com/assets/refresh-80.png" />
        <bt:Image id="Accruance.push_16x16" DefaultValue="https://your-domain.com/assets/push-16.png" />
        <bt:Image id="Accruance.push_32x32" DefaultValue="https://your-domain.com/assets/push-32.png" />
        <bt:Image id="Accruance.push_80x80" DefaultValue="https://your-domain.com/assets/push-80.png" />
      </bt:Images>
      <bt:Urls>
        <bt:Url id="Accruance.DesktopFunctionFile.Url" DefaultValue="https://your-domain.com/excel-addin/functions.html" />
        <bt:Url id="Accruance.Taskpane.Url" DefaultValue="https://your-domain.com/excel-addin/taskpane.html" />
      </bt:Urls>
      <!-- ShortStrings max characters==125. -->
      <bt:ShortStrings>
        <bt:String id="Accruance.TaskpaneButton.Label" DefaultValue="Accruance Sync" />
        <bt:String id="Accruance.RefreshButton.Label" DefaultValue="Refresh Data" />
        <bt:String id="Accruance.PushButton.Label" DefaultValue="Push Changes" />
        <bt:String id="Accruance.Tab1.GroupLabel" DefaultValue="Accruance" />
        <bt:String id="Accruance.Tab1.Label" DefaultValue="Accruance" />
      </bt:ShortStrings>
      <!-- LongStrings max characters==250. -->
      <bt:LongStrings>
        <bt:String id="Accruance.TaskpaneButton.Tooltip" DefaultValue="Open Accruance sync panel to manage data connections" />
        <bt:String id="Accruance.RefreshButton.Tooltip" DefaultValue="Refresh data from Accruance while preserving Excel formulas" />
        <bt:String id="Accruance.PushButton.Tooltip" DefaultValue="Push Excel changes back to Accruance with validation" />
      </bt:LongStrings>
    </Resources>
  </VersionOverrides>
  <!-- End Add-in Commands Mode integration. -->

</OfficeApp>

